{
    "model_name": "EfficientNet_B4",
    "best_accuracy": 0.9420062695924765,
    "best_epoch": 43,
    "num_epochs": 80,
    "train_losses": [
        2.4810366822698118,
        1.5189102101117833,
        1.2199300142484195,
        1.1230164840767414,
        1.0689736122729556,
        1.0218906865334494,
        0.9927201118943193,
        0.9657764213848946,
        0.9389516834527394,
        0.9147793584577664,
        0.9043672255336077,
        0.8906742551328353,
        0.8958455779714181,
        0.8853342450649807,
        0.8721837142796385,
        0.8665678709485212,
        0.8700579851565543,
        0.867381659348272,
        0.855745104753867,
        0.8400762613945315,
        0.8588048170844207,
        0.8508231794778095,
        0.8510255454929985,
        0.8427862663890309,
        0.8368950753183153,
        0.8371511705775162,
        0.8365224925682319,
        0.8460923937681619,
        0.8289168032325299,
        0.8358289688685502,
        0.8334461368115017,
        0.8300069373593865,
        0.8288280812184069,
        0.8311811830470672,
        0.8329031842918985,
        0.8271175714208425,
        0.8341560261292774,
        0.8182047281872113,
        0.8182620195192807,
        0.8232337464575322,
        0.8189097579651187,
        0.8135798196011217,
        0.8163912011281687,
        0.8224670547539152,
        0.8269399225992032,
        0.8156387415246086,
        0.8188333872022686,
        0.818426986441987,
        0.8216713482777972,
        0.8193736121588862,
        0.8120725226130079,
        0.817692877223141,
        0.8134498642626187,
        0.8152719344606009,
        0.8123577681061723,
        0.817178560792399,
        0.8160524955125684,
        0.8122133907653727,
        0.8119253293230199,
        0.8164600101071288,
        0.8087780679769369,
        0.810010113157307,
        0.8113421018368611,
        0.8145492309447981,
        0.8123352037651416,
        0.8124064741077001,
        0.8110797444472303,
        0.8155092404063233,
        0.8113983069953701,
        0.814505223462532,
        0.814130248280481,
        0.8109794690194267,
        0.815020279487241,
        0.8159735096309552,
        0.8099230987422014,
        0.8090768759486017,
        0.8087079288016397,
        0.8113255324661531,
        0.8107593650782645,
        0.8135025301501605
    ],
    "train_accs": [
        0.4066487575554063,
        0.7575554063129617,
        0.8673606447280054,
        0.8972464741437206,
        0.9180658159838818,
        0.9338482202820686,
        0.9442578912021491,
        0.9526527871054399,
        0.9580255204835461,
        0.9711215580926797,
        0.9761584956346542,
        0.9778374748153124,
        0.9785090664875756,
        0.9791806581598389,
        0.9865681665547348,
        0.9869039623908664,
        0.9835460040295501,
        0.984553391537945,
        0.9916051040967092,
        0.9946272666218939,
        0.9875755540631297,
        0.9892545332437879,
        0.9909335124244459,
        0.9922766957689725,
        0.9939556749496307,
        0.9963062458025521,
        0.9929482874412358,
        0.9919408999328408,
        0.9946272666218939,
        0.9926124916051041,
        0.9949630624580256,
        0.9946272666218939,
        0.9959704499664205,
        0.9959704499664205,
        0.9952988582941572,
        0.9979852249832103,
        0.9952988582941572,
        0.9989926124916052,
        0.9986568166554736,
        0.997313633310947,
        0.9983210208193419,
        0.9989926124916052,
        0.9993284083277367,
        0.9986568166554736,
        0.9969778374748154,
        0.9979852249832103,
        0.9993284083277367,
        0.9979852249832103,
        0.997313633310947,
        0.9976494291470787,
        0.9996642041638684,
        1.0,
        0.9993284083277367,
        0.9989926124916052,
        1.0,
        1.0,
        1.0,
        1.0,
        0.9996642041638684,
        0.9996642041638684,
        1.0,
        1.0,
        1.0,
        1.0,
        0.9996642041638684,
        1.0,
        1.0,
        1.0,
        1.0,
        1.0,
        1.0,
        1.0,
        0.9993284083277367,
        1.0,
        1.0,
        1.0,
        1.0,
        1.0,
        1.0,
        1.0
    ],
    "val_losses": [
        1.5586536711659924,
        1.1691816667777992,
        1.074602074010245,
        1.1179230515859717,
        1.0924389078325611,
        1.1165373620568397,
        1.075922013823889,
        1.0990947025322988,
        1.056394325154702,
        1.0818987968947074,
        1.0608392423223179,
        1.09755433951052,
        1.1668517010339001,
        1.153027059889886,
        1.0573432479158837,
        1.1229803147360822,
        1.0921164209192449,
        1.1118028096644483,
        1.1265933885469706,
        1.155129320195476,
        1.1448628424103358,
        1.1146539247895484,
        1.160857262282536,
        1.0943272048403103,
        1.0941870257398552,
        1.1758294322273948,
        1.1692950359332523,
        1.131345816166797,
        1.1376405722668925,
        1.1567319177534887,
        1.0806240962590543,
        1.0816367141505394,
        1.0926455244375246,
        1.1788579984144731,
        1.112430959659684,
        1.1044820984329176,
        1.1058389961158968,
        1.1062969752239957,
        1.0990179993889548,
        1.1218118889952153,
        1.1094135692500768,
        1.0676871491450128,
        1.0888563181539315,
        1.0719661447321733,
        1.1071318249717401,
        1.085007299076427,
        1.0852013852529017,
        1.0931438065621546,
        1.0918595607751589,
        1.090514987240017,
        1.0990244598597942,
        1.0951329054877301,
        1.1014685303813612,
        1.1151705774767646,
        1.1279676707934436,
        1.1082605979285645,
        1.119040898021112,
        1.1071197646538666,
        1.1280998776325237,
        1.1107243000526787,
        1.1005061240779195,
        1.1088664711082243,
        1.1109494680894954,
        1.0924053603205188,
        1.112511149020778,
        1.1101808043482908,
        1.1148408606508309,
        1.107157447495057,
        1.1150175631980537,
        1.1076725754991967,
        1.0982598488607376,
        1.087943870632626,
        1.0961543590671217,
        1.0963754212968402,
        1.0858135180413535,
        1.084550840727588,
        1.0945846500067875,
        1.1065295213442237,
        1.1036565386015793,
        1.081926609655159
    ],