{
    "model_name": "ResNet152_V2",
    "best_accuracy": 0.9357366771159874,
    "best_epoch": 58,
    "train_losses": [
        1.7398166197750535,
        1.212392804605037,
        1.184157035989678,
        1.2024182975492357,
        1.2413990017229315,
        1.2431560324853983,
        1.2151337801969795,
        1.1693568799702252,
        1.1030670997678553,
        1.051853051275275,
        1.0116258438518977,
        0.9988996205992792,
        0.934015251711121,
        0.9237420698233785,
        0.9093322878799797,
        0.8912112391819643,
        0.8857588994575075,
        0.8876467953599324,
        0.870913673720158,
        0.8777459554018952,
        0.8739565505206465,
        0.8671583781873243,
        0.8622298849117364,
        0.8531679268888854,
        0.8597552409662025,
        0.854761075301007,
        0.8504311350706522,
        0.8395876824415475,
        0.8445026472641206,
        0.8512813671072351,
        0.8487665851777476,
        0.8417184104688861,
        0.8445257404812876,
        0.828417597720093,
        0.8392016948510369,
        0.8324247442531137,
        0.8270674182553672,
        0.833056331081147,
        0.8269895071787992,
        0.8235863142961459,
        0.8251049950909022,
        0.8258646731411874,
        0.8254265414139342,
        0.8255025303708058,
        0.8218411998191562,
        0.8180435998396557,
        0.820516656916601,
        0.8190309324065977,
        0.8198522097957143,
        0.8229224828363986,
        0.819704102581183,
        0.8209844599481074,
        0.8168400667752893,
        0.8169159849191209,
        0.8168148506480307,
        0.8174980617834466,
        0.8138831076484306,
        0.8180452380266824,
        0.8164505780023404,
        0.8165473729031769,
        0.8171737378199201,
        0.8120543609296339,
        0.8163830428575012,
        0.8165187465015716,
        0.8126066699774174,
        0.8124692570130404,
        0.8130877973490549,
        0.8091191433675342,
        0.8122388977104582,
        0.812966147551527,
        0.8141545662750247,
        0.8178134771543033,
        0.8119382939537233,
        0.8156825152718036,
        0.8120141035762708,
        0.8179665299531516,
        0.8136632176675278,
        0.8136112473810015,
        0.8121523139779403,
        0.8143184728835396
    ],
    "train_accs": [
        0.7112155809267965,
        0.875083948959033,
        0.8828072531900605,
        0.8781061114842177,
        0.8640026863666891,
        0.8619879113498993,
        0.8744123572867697,
        0.8962390866353258,
        0.9140362659503023,
        0.9361987911349899,
        0.9492948287441236,
        0.9546675621222297,
        0.9805238415043653,
        0.9795164539959705,
        0.988247145735393,
        0.9919408999328408,
        0.9942914707857623,
        0.9946272666218939,
        0.9959704499664205,
        0.9932840832773674,
        0.9963062458025521,
        0.9969778374748154,
        0.997313633310947,
        0.9966420416386838,
        0.9956346541302888,
        0.9976494291470787,
        0.9986568166554736,
        0.9986568166554736,
        0.9986568166554736,
        0.9983210208193419,
        0.9976494291470787,
        0.9989926124916052,
        0.9979852249832103,
        1.0,
        0.9993284083277367,
        0.9996642041638684,
        0.9996642041638684,
        0.9996642041638684,
        1.0,
        1.0,
        0.9983210208193419,
        0.9996642041638684,
        1.0,
        0.9993284083277367,
        1.0,
        1.0,
        0.9996642041638684,
        1.0,
        1.0,
        1.0,
        1.0,
        0.9989926124916052,
        1.0,
        1.0,
        1.0,
        1.0,
        1.0,
        1.0,
        1.0,
        1.0,
        1.0,
        1.0,
        1.0,
        1.0,
        1.0,
        1.0,
        1.0,
        1.0,
        1.0,
        1.0,
        1.0,
        1.0,
        1.0,
        1.0,
        1.0,
        1.0,
        1.0,
        1.0,
        1.0,
        1.0
    ],
    "val_losses": [
        1.2268367695584192,
        1.2058281360375096,
        1.2353207295217483,
        1.457903774554453,
        1.345214794422018,
        1.2686071919049589,
        1.5243607094295346,
        1.224773721261458,
        1.4301170831937402,
        1.8979722496857838,
        1.9128641723465396,
        1.113650200135282,
        1.4495270121433892,
        1.149336413529973,
        1.1487239449749171,
        1.165435545870503,
        1.0984137734649324,
        1.0961856445922373,
        1.7513458721316346,
        1.1011801042526868,
        1.0817749690860043,
        1.0696284632697748,
        1.1151180738191993,
        1.1964869936431837,
        1.0878833487489754,
        1.0466632891598167,
        1.0604862292358495,
        1.075099338932097,
        1.0777035525599992,
        1.089110713954256,
        1.3553032561155696,
        1.146856763893534,
        1.0545705833405163,
        1.0466624647846043,
        1.0583103136582808,
        1.055991593199464,
        1.0726555701707223,
        1.053008346348347,
        1.043367055516258,
        1.050118530431885,
        1.0472496026735694,
        1.0728981849915555,
        1.0995892858056813,
        1.0608173324770314,
        1.0446066553689843,
        1.0483502941819194,
        1.0578219972807785,
        1.038537077021823,
        1.0318749302233274,
        1.0417509011714063,
        1.0377885286337156,
        1.0261910447506322,
        1.039324304526876,
        1.0528835061949249,
        1.0404006265173884,
        1.0498349614277902,
        1.0414516335370771,
        1.02749670187134,
        1.030128218537214,
        1.0291038703021584,
        1.028502120119651,
        1.0380414675769387,
        1.0386330262994319,
        1.0412403072309344,
        1.0400874057907297,
        1.043291494016737,
        1.0386047127852245,
        1.0472007937565866,
        1.04842427718602,
        1.0435131631301116,
        1.037012413751369,
        1.0441411655150985,
        1.0493953056096283,
        1.0421530912662376,
        1.046680584970313,
        1.0429878739354006,
        1.0391660667138414,
        1.0451710840751385,
        1.0449119062632977,
        1.0462924111225762
    ],