{
    "model_name": "ResNet",
    "best_accuracy": 0.84472049689441,
    "best_epoch": 16,
    "num_epochs": 20,
    "train_losses": [
        1.5617181798245043,
        1.0613815467408363,
        0.8972612526399869,
        0.77060725872821,
        0.7479622829573375,
        0.649579626184406,
        0.6515602989399687,
        0.5872517274626603,
        0.5365627906846662,
        0.49923500994629894,
        0.4867079094686407,
        0.46750635505779414,
        0.451873317942129,
        0.41337057768453095,
        0.4254918336234194,
        0.39904634828897234,
        0.3762976032093907,
        0.38655365808001646,
        0.3507320498849483,
        0.370084507615431
    ],
    "train_accuracies": [
        0.537677304964539,
        0.6653368794326241,
        0.7105496453900709,
        0.7442375886524822,
        0.7468971631205673,
        0.776595744680851,
        0.7717198581560284,
        0.7859042553191489,
        0.8071808510638298,
        0.8169326241134751,
        0.8191489361702128,
        0.8289007092198581,
        0.8404255319148936,
        0.8479609929078014,
        0.8324468085106382,
        0.8519503546099291,
        0.8599290780141844,
        0.8488475177304964,
        0.8652482269503546,
        0.8554964539007092
    ],
    "val_losses": [
        4.583744264537503,
        4.580813335335773,
        0.7081229266542826,
        0.924507124577003,
        0.7945107840942547,
        0.720629748597155,
        0.7553906119881703,
        0.6133353922585523,
        0.5455082753638488,
        0.6734970891944617,
        0.5001372797395378,
        0.6886035798736472,
        0.48652906373420857,
        0.6993849292266381,
        0.637251296148136,
        0.47821444507561023,
        0.8218605552884841,
        0.5778585642770966,
        0.505194031919775,
        0.5813680864990097
    ],
    "val_accuracies": [
        0.44099378881987583,
        0.5072463768115942,
        0.7577639751552796,
        0.6997929606625259,
        0.7494824016563147,
        0.7474120082815735,
        0.7391304347826088,
        0.803312629399586,
        0.824016563146998,
        0.7971014492753624,
        0.813664596273292,
        0.8281573498964804,
        0.7991718426501035,
        0.8157349896480331,
        0.8302277432712216,
        0.84472049689441,
        0.8322981366459627,
        0.8095238095238095,
        0.8364389233954452,
        0.8405797101449276
    ]
}